locale,fips,value (percent),people (unemployed),rank within us,age,areatype,demo,file_name,race,sex,source_url,stateFIPS,topic,type
United States,0.0,6.6,10560305.0,,1,country,12,demographics_031.csv,0,0,https://www.statecancerprofiles.cancer.gov/demographics/index.php?stateFIPS=17&areatype=county&topic=work&demo=00012&race=00&sex=0&age=001&type=manyareacensus&sortVariableName=value&sortOrder=asc&output=1,17,work,manyareacensus
Illinois,17000.0,7.4,491310.0,42 of 52,1,state,12,demographics_031.csv,0,0,https://www.statecancerprofiles.cancer.gov/demographics/index.php?stateFIPS=17&areatype=county&topic=work&demo=00012&race=00&sex=0&age=001&type=manyareacensus&sortVariableName=value&sortOrder=asc&output=1,17,work,manyareacensus
Moultrie County,17139.0,3.0,213.0,306 of 3141,1,county,12,demographics_031.csv,0,0,https://www.statecancerprofiles.cancer.gov/demographics/index.php?stateFIPS=17&areatype=county&topic=work&demo=00012&race=00&sex=0&age=001&type=manyareacensus&sortVariableName=value&sortOrder=asc&output=1,17,work,manyareacensus
Calhoun County,17013.0,3.7,83.0,521 of 3141,1,county,12,demographics_031.csv,0,0,https://www.statecancerprofiles.cancer.gov/demographics/index.php?stateFIPS=17&areatype=county&topic=work&demo=00012&race=00&sex=0&age=001&type=manyareacensus&sortVariableName=value&sortOrder=asc&output=1,17,work,manyareacensus
Clinton County,17027.0,3.9,756.0,584 of 3141,1,county,12,demographics_031.csv,0,0,https://www.statecancerprofiles.cancer.gov/demographics/index.php?stateFIPS=17&areatype=county&topic=work&demo=00012&race=00&sex=0&age=001&type=manyareacensus&sortVariableName=value&sortOrder=asc&output=1,17,work,manyareacensus
McLean County,17113.0,3.9,3703.0,591 of 3141,1,county,12,demographics_031.csv,0,0,https://www.statecancerprofiles.cancer.gov/demographics/index.php?stateFIPS=17&areatype=county&topic=work&demo=00012&race=00&sex=0&age=001&type=manyareacensus&sortVariableName=value&sortOrder=asc&output=1,17,work,manyareacensus
Hamilton County,17065.0,4.0,155.0,617 of 3141,1,county,12,demographics_031.csv,0,0,https://www.statecancerprofiles.cancer.gov/demographics/index.php?stateFIPS=17&areatype=county&topic=work&demo=00012&race=00&sex=0&age=001&type=manyareacensus&sortVariableName=value&sortOrder=asc&output=1,17,work,manyareacensus
Jo Daviess County,17085.0,4.3,497.0,747 of 3141,1,county,12,demographics_031.csv,0,0,https://www.statecancerprofiles.cancer.gov/demographics/index.php?stateFIPS=17&areatype=county&topic=work&demo=00012&race=00&sex=0&age=001&type=manyareacensus&sortVariableName=value&sortOrder=asc&output=1,17,work,manyareacensus
Randolph County,17157.0,4.4,614.0,785 of 3141,1,county,12,demographics_031.csv,0,0,https://www.statecancerprofiles.cancer.gov/demographics/index.php?stateFIPS=17&areatype=county&topic=work&demo=00012&race=00&sex=0&age=001&type=manyareacensus&sortVariableName=value&sortOrder=asc&output=1,17,work,manyareacensus
Effingham County,17049.0,4.4,796.0,787 of 3141,1,county,12,demographics_031.csv,0,0,https://www.statecancerprofiles.cancer.gov/demographics/index.php?stateFIPS=17&areatype=county&topic=work&demo=00012&race=00&sex=0&age=001&type=manyareacensus&sortVariableName=value&sortOrder=asc&output=1,17,work,manyareacensus
Shelby County,17173.0,4.4,479.0,790 of 3141,1,county,12,demographics_031.csv,0,0,https://www.statecancerprofiles.cancer.gov/demographics/index.php?stateFIPS=17&areatype=county&topic=work&demo=00012&race=00&sex=0&age=001&type=manyareacensus&sortVariableName=value&sortOrder=asc&output=1,17,work,manyareacensus
Washington County,17189.0,4.4,331.0,791 of 3141,1,county,12,demographics_031.csv,0,0,https://www.statecancerprofiles.cancer.gov/demographics/index.php?stateFIPS=17&areatype=county&topic=work&demo=00012&race=00&sex=0&age=001&type=manyareacensus&sortVariableName=value&sortOrder=asc&output=1,17,work,manyareacensus
Monroe County,17133.0,4.4,818.0,795 of 3141,1,county,12,demographics_031.csv,0,0,https://www.statecancerprofiles.cancer.gov/demographics/index.php?stateFIPS=17&areatype=county&topic=work&demo=00012&race=00&sex=0&age=001&type=manyareacensus&sortVariableName=value&sortOrder=asc&output=1,17,work,manyareacensus
Jasper County,17079.0,4.4,210.0,800 of 3141,1,county,12,demographics_031.csv,0,0,https://www.statecancerprofiles.cancer.gov/demographics/index.php?stateFIPS=17&areatype=county&topic=work&demo=00012&race=00&sex=0&age=001&type=manyareacensus&sortVariableName=value&sortOrder=asc&output=1,17,work,manyareacensus
Piatt County,17147.0,4.5,409.0,830 of 3141,1,county,12,demographics_031.csv,0,0,https://www.statecancerprofiles.cancer.gov/demographics/index.php?stateFIPS=17&areatype=county&topic=work&demo=00012&race=00&sex=0&age=001&type=manyareacensus&sortVariableName=value&sortOrder=asc&output=1,17,work,manyareacensus
Menard County,17129.0,4.6,294.0,866 of 3141,1,county,12,demographics_031.csv,0,0,https://www.statecancerprofiles.cancer.gov/demographics/index.php?stateFIPS=17&areatype=county&topic=work&demo=00012&race=00&sex=0&age=001&type=manyareacensus&sortVariableName=value&sortOrder=asc&output=1,17,work,manyareacensus
Christian County,17021.0,4.6,728.0,880 of 3141,1,county,12,demographics_031.csv,0,0,https://www.statecancerprofiles.cancer.gov/demographics/index.php?stateFIPS=17&areatype=county&topic=work&demo=00012&race=00&sex=0&age=001&type=manyareacensus&sortVariableName=value&sortOrder=asc&output=1,17,work,manyareacensus
Brown County,17009.0,4.7,119.0,908 of 3141,1,county,12,demographics_031.csv,0,0,https://www.statecancerprofiles.cancer.gov/demographics/index.php?stateFIPS=17&areatype=county&topic=work&demo=00012&race=00&sex=0&age=001&type=manyareacensus&sortVariableName=value&sortOrder=asc&output=1,17,work,manyareacensus
Woodford County,17203.0,4.7,923.0,914 of 3141,1,county,12,demographics_031.csv,0,0,https://www.statecancerprofiles.cancer.gov/demographics/index.php?stateFIPS=17&areatype=county&topic=work&demo=00012&race=00&sex=0&age=001&type=manyareacensus&sortVariableName=value&sortOrder=asc&output=1,17,work,manyareacensus
Stark County,17175.0,4.8,129.0,937 of 3141,1,county,12,demographics_031.csv,0,0,https://www.statecancerprofiles.cancer.gov/demographics/index.php?stateFIPS=17&areatype=county&topic=work&demo=00012&race=00&sex=0&age=001&type=manyareacensus&sortVariableName=value&sortOrder=asc&output=1,17,work,manyareacensus
Wayne County,17191.0,4.8,367.0,938 of 3141,1,county,12,demographics_031.csv,0,0,https://www.statecancerprofiles.cancer.gov/demographics/index.php?stateFIPS=17&areatype=county&topic=work&demo=00012&race=00&sex=0&age=001&type=manyareacensus&sortVariableName=value&sortOrder=asc&output=1,17,work,manyareacensus
Kendall County,17093.0,5.0,3314.0,1031 of 3141,1,county,12,demographics_031.csv,0,0,https://www.statecancerprofiles.cancer.gov/demographics/index.php?stateFIPS=17&areatype=county&topic=work&demo=00012&race=00&sex=0&age=001&type=manyareacensus&sortVariableName=value&sortOrder=asc&output=1,17,work,manyareacensus
Clay County,17025.0,5.0,334.0,1045 of 3141,1,county,12,demographics_031.csv,0,0,https://www.statecancerprofiles.cancer.gov/demographics/index.php?stateFIPS=17&areatype=county&topic=work&demo=00012&race=00&sex=0&age=001&type=manyareacensus&sortVariableName=value&sortOrder=asc&output=1,17,work,manyareacensus
Cumberland County,17035.0,5.0,272.0,1052 of 3141,1,county,12,demographics_031.csv,0,0,https://www.statecancerprofiles.cancer.gov/demographics/index.php?stateFIPS=17&areatype=county&topic=work&demo=00012&race=00&sex=0&age=001&type=manyareacensus&sortVariableName=value&sortOrder=asc&output=1,17,work,manyareacensus
Tazewell County,17179.0,5.1,3415.0,1071 of 3141,1,county,12,demographics_031.csv,0,0,https://www.statecancerprofiles.cancer.gov/demographics/index.php?stateFIPS=17&areatype=county&topic=work&demo=00012&race=00&sex=0&age=001&type=manyareacensus&sortVariableName=value&sortOrder=asc&output=1,17,work,manyareacensus
Henry County,17073.0,5.1,1228.0,1081 of 3141,1,county,12,demographics_031.csv,0,0,https://www.statecancerprofiles.cancer.gov/demographics/index.php?stateFIPS=17&areatype=county&topic=work&demo=00012&race=00&sex=0&age=001&type=manyareacensus&sortVariableName=value&sortOrder=asc&output=1,17,work,manyareacensus
Bond County,17005.0,5.1,402.0,1088 of 3141,1,county,12,demographics_031.csv,0,0,https://www.statecancerprofiles.cancer.gov/demographics/index.php?stateFIPS=17&areatype=county&topic=work&demo=00012&race=00&sex=0&age=001&type=manyareacensus&sortVariableName=value&sortOrder=asc&output=1,17,work,manyareacensus
DuPage County,17043.0,5.2,26614.0,1132 of 3141,1,county,12,demographics_031.csv,0,0,https://www.statecancerprofiles.cancer.gov/demographics/index.php?stateFIPS=17&areatype=county&topic=work&demo=00012&race=00&sex=0&age=001&type=manyareacensus&sortVariableName=value&sortOrder=asc&output=1,17,work,manyareacensus
Champaign County,17019.0,5.2,5682.0,1150 of 3141,1,county,12,demographics_031.csv,0,0,https://www.statecancerprofiles.cancer.gov/demographics/index.php?stateFIPS=17&areatype=county&topic=work&demo=00012&race=00&sex=0&age=001&type=manyareacensus&sortVariableName=value&sortOrder=asc&output=1,17,work,manyareacensus
Putnam County,17155.0,5.2,165.0,1159 of 3141,1,county,12,demographics_031.csv,0,0,https://www.statecancerprofiles.cancer.gov/demographics/index.php?stateFIPS=17&areatype=county&topic=work&demo=00012&race=00&sex=0&age=001&type=manyareacensus&sortVariableName=value&sortOrder=asc&output=1,17,work,manyareacensus
Union County,17181.0,5.3,409.0,1202 of 3141,1,county,12,demographics_031.csv,0,0,https://www.statecancerprofiles.cancer.gov/demographics/index.php?stateFIPS=17&areatype=county&topic=work&demo=00012&race=00&sex=0&age=001&type=manyareacensus&sortVariableName=value&sortOrder=asc&output=1,17,work,manyareacensus
Douglas County,17041.0,5.4,518.0,1216 of 3141,1,county,12,demographics_031.csv,0,0,https://www.statecancerprofiles.cancer.gov/demographics/index.php?stateFIPS=17&areatype=county&topic=work&demo=00012&race=00&sex=0&age=001&type=manyareacensus&sortVariableName=value&sortOrder=asc&output=1,17,work,manyareacensus
McHenry County,17111.0,5.4,9220.0,1226 of 3141,1,county,12,demographics_031.csv,0,0,https://www.statecancerprofiles.cancer.gov/demographics/index.php?stateFIPS=17&areatype=county&topic=work&demo=00012&race=00&sex=0&age=001&type=manyareacensus&sortVariableName=value&sortOrder=asc&output=1,17,work,manyareacensus
Lawrence County,17101.0,5.4,363.0,1236 of 3141,1,county,12,demographics_031.csv,0,0,https://www.statecancerprofiles.cancer.gov/demographics/index.php?stateFIPS=17&areatype=county&topic=work&demo=00012&race=00&sex=0&age=001&type=manyareacensus&sortVariableName=value&sortOrder=asc&output=1,17,work,manyareacensus
Adams County,17001.0,5.5,1874.0,1281 of 3141,1,county,12,demographics_031.csv,0,0,https://www.statecancerprofiles.cancer.gov/demographics/index.php?stateFIPS=17&areatype=county&topic=work&demo=00012&race=00&sex=0&age=001&type=manyareacensus&sortVariableName=value&sortOrder=asc&output=1,17,work,manyareacensus
Livingston County,17105.0,5.5,945.0,1310 of 3141,1,county,12,demographics_031.csv,0,0,https://www.statecancerprofiles.cancer.gov/demographics/index.php?stateFIPS=17&areatype=county&topic=work&demo=00012&race=00&sex=0&age=001&type=manyareacensus&sortVariableName=value&sortOrder=asc&output=1,17,work,manyareacensus
Logan County,17107.0,5.6,744.0,1316 of 3141,1,county,12,demographics_031.csv,0,0,https://www.statecancerprofiles.cancer.gov/demographics/index.php?stateFIPS=17&areatype=county&topic=work&demo=00012&race=00&sex=0&age=001&type=manyareacensus&sortVariableName=value&sortOrder=asc&output=1,17,work,manyareacensus
Bureau County,17011.0,5.7,990.0,1398 of 3141,1,county,12,demographics_031.csv,0,0,https://www.statecancerprofiles.cancer.gov/demographics/index.php?stateFIPS=17&areatype=county&topic=work&demo=00012&race=00&sex=0&age=001&type=manyareacensus&sortVariableName=value&sortOrder=asc&output=1,17,work,manyareacensus
Montgomery County,17135.0,5.8,663.0,1447 of 3141,1,county,12,demographics_031.csv,0,0,https://www.statecancerprofiles.cancer.gov/demographics/index.php?stateFIPS=17&areatype=county&topic=work&demo=00012&race=00&sex=0&age=001&type=manyareacensus&sortVariableName=value&sortOrder=asc&output=1,17,work,manyareacensus
Carroll County,17015.0,5.8,419.0,1461 of 3141,1,county,12,demographics_031.csv,0,0,https://www.statecancerprofiles.cancer.gov/demographics/index.php?stateFIPS=17&areatype=county&topic=work&demo=00012&race=00&sex=0&age=001&type=manyareacensus&sortVariableName=value&sortOrder=asc&output=1,17,work,manyareacensus
Grundy County,17063.0,5.8,1529.0,1466 of 3141,1,county,12,demographics_031.csv,0,0,https://www.statecancerprofiles.cancer.gov/demographics/index.php?stateFIPS=17&areatype=county&topic=work&demo=00012&race=00&sex=0&age=001&type=manyareacensus&sortVariableName=value&sortOrder=asc&output=1,17,work,manyareacensus
Lee County,17103.0,5.9,964.0,1491 of 3141,1,county,12,demographics_031.csv,0,0,https://www.statecancerprofiles.cancer.gov/demographics/index.php?stateFIPS=17&areatype=county&topic=work&demo=00012&race=00&sex=0&age=001&type=manyareacensus&sortVariableName=value&sortOrder=asc&output=1,17,work,manyareacensus
Henderson County,17071.0,6.0,213.0,1547 of 3141,1,county,12,demographics_031.csv,0,0,https://www.statecancerprofiles.cancer.gov/demographics/index.php?stateFIPS=17&areatype=county&topic=work&demo=00012&race=00&sex=0&age=001&type=manyareacensus&sortVariableName=value&sortOrder=asc&output=1,17,work,manyareacensus
Will County,17197.0,6.0,21961.0,1554 of 3141,1,county,12,demographics_031.csv,0,0,https://www.statecancerprofiles.cancer.gov/demographics/index.php?stateFIPS=17&areatype=county&topic=work&demo=00012&race=00&sex=0&age=001&type=manyareacensus&sortVariableName=value&sortOrder=asc&output=1,17,work,manyareacensus
Whiteside County,17195.0,6.0,1707.0,1563 of 3141,1,county,12,demographics_031.csv,0,0,https://www.statecancerprofiles.cancer.gov/demographics/index.php?stateFIPS=17&areatype=county&topic=work&demo=00012&race=00&sex=0&age=001&type=manyareacensus&sortVariableName=value&sortOrder=asc&output=1,17,work,manyareacensus
Morgan County,17137.0,6.1,1023.0,1592 of 3141,1,county,12,demographics_031.csv,0,0,https://www.statecancerprofiles.cancer.gov/demographics/index.php?stateFIPS=17&areatype=county&topic=work&demo=00012&race=00&sex=0&age=001&type=manyareacensus&sortVariableName=value&sortOrder=asc&output=1,17,work,manyareacensus
Edwards County,17047.0,6.1,204.0,1600 of 3141,1,county,12,demographics_031.csv,0,0,https://www.statecancerprofiles.cancer.gov/demographics/index.php?stateFIPS=17&areatype=county&topic=work&demo=00012&race=00&sex=0&age=001&type=manyareacensus&sortVariableName=value&sortOrder=asc&output=1,17,work,manyareacensus
Kane County,17089.0,6.2,17375.0,1643 of 3141,1,county,12,demographics_031.csv,0,0,https://www.statecancerprofiles.cancer.gov/demographics/index.php?stateFIPS=17&areatype=county&topic=work&demo=00012&race=00&sex=0&age=001&type=manyareacensus&sortVariableName=value&sortOrder=asc&output=1,17,work,manyareacensus
Marshall County,17123.0,6.2,366.0,1657 of 3141,1,county,12,demographics_031.csv,0,0,https://www.statecancerprofiles.cancer.gov/demographics/index.php?stateFIPS=17&areatype=county&topic=work&demo=00012&race=00&sex=0&age=001&type=manyareacensus&sortVariableName=value&sortOrder=asc&output=1,17,work,manyareacensus
Crawford County,17033.0,6.2,539.0,1664 of 3141,1,county,12,demographics_031.csv,0,0,https://www.statecancerprofiles.cancer.gov/demographics/index.php?stateFIPS=17&areatype=county&topic=work&demo=00012&race=00&sex=0&age=001&type=manyareacensus&sortVariableName=value&sortOrder=asc&output=1,17,work,manyareacensus
Lake County,17097.0,6.3,23235.0,1679 of 3141,1,county,12,demographics_031.csv,0,0,https://www.statecancerprofiles.cancer.gov/demographics/index.php?stateFIPS=17&areatype=county&topic=work&demo=00012&race=00&sex=0&age=001&type=manyareacensus&sortVariableName=value&sortOrder=asc&output=1,17,work,manyareacensus
Jersey County,17083.0,6.3,694.0,1680 of 3141,1,county,12,demographics_031.csv,0,0,https://www.statecancerprofiles.cancer.gov/demographics/index.php?stateFIPS=17&areatype=county&topic=work&demo=00012&race=00&sex=0&age=001&type=manyareacensus&sortVariableName=value&sortOrder=asc&output=1,17,work,manyareacensus
Richland County,17159.0,6.3,490.0,1722 of 3141,1,county,12,demographics_031.csv,0,0,https://www.statecancerprofiles.cancer.gov/demographics/index.php?stateFIPS=17&areatype=county&topic=work&demo=00012&race=00&sex=0&age=001&type=manyareacensus&sortVariableName=value&sortOrder=asc&output=1,17,work,manyareacensus
Knox County,17095.0,6.3,1446.0,1723 of 3141,1,county,12,demographics_031.csv,0,0,https://www.statecancerprofiles.cancer.gov/demographics/index.php?stateFIPS=17&areatype=county&topic=work&demo=00012&race=00&sex=0&age=001&type=manyareacensus&sortVariableName=value&sortOrder=asc&output=1,17,work,manyareacensus
Clark County,17023.0,6.5,531.0,1794 of 3141,1,county,12,demographics_031.csv,0,0,https://www.statecancerprofiles.cancer.gov/demographics/index.php?stateFIPS=17&areatype=county&topic=work&demo=00012&race=00&sex=0&age=001&type=manyareacensus&sortVariableName=value&sortOrder=asc&output=1,17,work,manyareacensus
Mercer County,17131.0,6.5,511.0,1824 of 3141,1,county,12,demographics_031.csv,0,0,https://www.statecancerprofiles.cancer.gov/demographics/index.php?stateFIPS=17&areatype=county&topic=work&demo=00012&race=00&sex=0&age=001&type=manyareacensus&sortVariableName=value&sortOrder=asc&output=1,17,work,manyareacensus
Iroquois County,17075.0,6.5,923.0,1827 of 3141,1,county,12,demographics_031.csv,0,0,https://www.statecancerprofiles.cancer.gov/demographics/index.php?stateFIPS=17&areatype=county&topic=work&demo=00012&race=00&sex=0&age=001&type=manyareacensus&sortVariableName=value&sortOrder=asc&output=1,17,work,manyareacensus
Ogle County,17141.0,6.5,1731.0,1841 of 3141,1,county,12,demographics_031.csv,0,0,https://www.statecancerprofiles.cancer.gov/demographics/index.php?stateFIPS=17&areatype=county&topic=work&demo=00012&race=00&sex=0&age=001&type=manyareacensus&sortVariableName=value&sortOrder=asc&output=1,17,work,manyareacensus
Hancock County,17067.0,6.6,582.0,1850 of 3141,1,county,12,demographics_031.csv,0,0,https://www.statecancerprofiles.cancer.gov/demographics/index.php?stateFIPS=17&areatype=county&topic=work&demo=00012&race=00&sex=0&age=001&type=manyareacensus&sortVariableName=value&sortOrder=asc&output=1,17,work,manyareacensus
Warren County,17187.0,6.6,581.0,1867 of 3141,1,county,12,demographics_031.csv,0,0,https://www.statecancerprofiles.cancer.gov/demographics/index.php?stateFIPS=17&areatype=county&topic=work&demo=00012&race=00&sex=0&age=001&type=manyareacensus&sortVariableName=value&sortOrder=asc&output=1,17,work,manyareacensus
Ford County,17053.0,6.6,437.0,1879 of 3141,1,county,12,demographics_031.csv,0,0,https://www.statecancerprofiles.cancer.gov/demographics/index.php?stateFIPS=17&areatype=county&topic=work&demo=00012&race=00&sex=0&age=001&type=manyareacensus&sortVariableName=value&sortOrder=asc&output=1,17,work,manyareacensus
De Witt County,17039.0,6.6,575.0,1884 of 3141,1,county,12,demographics_031.csv,0,0,https://www.statecancerprofiles.cancer.gov/demographics/index.php?stateFIPS=17&areatype=county&topic=work&demo=00012&race=00&sex=0&age=001&type=manyareacensus&sortVariableName=value&sortOrder=asc&output=1,17,work,manyareacensus
Pike County,17149.0,6.7,498.0,1908 of 3141,1,county,12,demographics_031.csv,0,0,https://www.statecancerprofiles.cancer.gov/demographics/index.php?stateFIPS=17&areatype=county&topic=work&demo=00012&race=00&sex=0&age=001&type=manyareacensus&sortVariableName=value&sortOrder=asc&output=1,17,work,manyareacensus
Perry County,17145.0,6.7,593.0,1922 of 3141,1,county,12,demographics_031.csv,0,0,https://www.statecancerprofiles.cancer.gov/demographics/index.php?stateFIPS=17&areatype=county&topic=work&demo=00012&race=00&sex=0&age=001&type=manyareacensus&sortVariableName=value&sortOrder=asc&output=1,17,work,manyareacensus
Greene County,17061.0,6.7,423.0,1939 of 3141,1,county,12,demographics_031.csv,0,0,https://www.statecancerprofiles.cancer.gov/demographics/index.php?stateFIPS=17&areatype=county&topic=work&demo=00012&race=00&sex=0&age=001&type=manyareacensus&sortVariableName=value&sortOrder=asc&output=1,17,work,manyareacensus
Sangamon County,17167.0,6.9,7022.0,1986 of 3141,1,county,12,demographics_031.csv,0,0,https://www.statecancerprofiles.cancer.gov/demographics/index.php?stateFIPS=17&areatype=county&topic=work&demo=00012&race=00&sex=0&age=001&type=manyareacensus&sortVariableName=value&sortOrder=asc&output=1,17,work,manyareacensus
Williamson County,17199.0,6.9,2117.0,1995 of 3141,1,county,12,demographics_031.csv,0,0,https://www.statecancerprofiles.cancer.gov/demographics/index.php?stateFIPS=17&areatype=county&topic=work&demo=00012&race=00&sex=0&age=001&type=manyareacensus&sortVariableName=value&sortOrder=asc&output=1,17,work,manyareacensus
Schuyler County,17169.0,6.9,216.0,2003 of 3141,1,county,12,demographics_031.csv,0,0,https://www.statecancerprofiles.cancer.gov/demographics/index.php?stateFIPS=17&areatype=county&topic=work&demo=00012&race=00&sex=0&age=001&type=manyareacensus&sortVariableName=value&sortOrder=asc&output=1,17,work,manyareacensus
Cass County,17017.0,6.9,457.0,2012 of 3141,1,county,12,demographics_031.csv,0,0,https://www.statecancerprofiles.cancer.gov/demographics/index.php?stateFIPS=17&areatype=county&topic=work&demo=00012&race=00&sex=0&age=001&type=manyareacensus&sortVariableName=value&sortOrder=asc&output=1,17,work,manyareacensus
Rock Island County,17161.0,7.1,5259.0,2093 of 3141,1,county,12,demographics_031.csv,0,0,https://www.statecancerprofiles.cancer.gov/demographics/index.php?stateFIPS=17&areatype=county&topic=work&demo=00012&race=00&sex=0&age=001&type=manyareacensus&sortVariableName=value&sortOrder=asc&output=1,17,work,manyareacensus
Coles County,17029.0,7.3,1935.0,2130 of 3141,1,county,12,demographics_031.csv,0,0,https://www.statecancerprofiles.cancer.gov/demographics/index.php?stateFIPS=17&areatype=county&topic=work&demo=00012&race=00&sex=0&age=001&type=manyareacensus&sortVariableName=value&sortOrder=asc&output=1,17,work,manyareacensus
Madison County,17119.0,7.4,10014.0,2180 of 3141,1,county,12,demographics_031.csv,0,0,https://www.statecancerprofiles.cancer.gov/demographics/index.php?stateFIPS=17&areatype=county&topic=work&demo=00012&race=00&sex=0&age=001&type=manyareacensus&sortVariableName=value&sortOrder=asc&output=1,17,work,manyareacensus
Edgar County,17045.0,7.4,647.0,2209 of 3141,1,county,12,demographics_031.csv,0,0,https://www.statecancerprofiles.cancer.gov/demographics/index.php?stateFIPS=17&areatype=county&topic=work&demo=00012&race=00&sex=0&age=001&type=manyareacensus&sortVariableName=value&sortOrder=asc&output=1,17,work,manyareacensus
Fayette County,17051.0,7.4,708.0,2211 of 3141,1,county,12,demographics_031.csv,0,0,https://www.statecancerprofiles.cancer.gov/demographics/index.php?stateFIPS=17&areatype=county&topic=work&demo=00012&race=00&sex=0&age=001&type=manyareacensus&sortVariableName=value&sortOrder=asc&output=1,17,work,manyareacensus
Kankakee County,17091.0,7.5,4028.0,2229 of 3141,1,county,12,demographics_031.csv,0,0,https://www.statecancerprofiles.cancer.gov/demographics/index.php?stateFIPS=17&areatype=county&topic=work&demo=00012&race=00&sex=0&age=001&type=manyareacensus&sortVariableName=value&sortOrder=asc&output=1,17,work,manyareacensus
Johnson County,17087.0,7.5,339.0,2241 of 3141,1,county,12,demographics_031.csv,0,0,https://www.statecancerprofiles.cancer.gov/demographics/index.php?stateFIPS=17&areatype=county&topic=work&demo=00012&race=00&sex=0&age=001&type=manyareacensus&sortVariableName=value&sortOrder=asc&output=1,17,work,manyareacensus
Wabash County,17185.0,7.6,436.0,2280 of 3141,1,county,12,demographics_031.csv,0,0,https://www.statecancerprofiles.cancer.gov/demographics/index.php?stateFIPS=17&areatype=county&topic=work&demo=00012&race=00&sex=0&age=001&type=manyareacensus&sortVariableName=value&sortOrder=asc&output=1,17,work,manyareacensus
Fulton County,17057.0,7.7,1245.0,2301 of 3141,1,county,12,demographics_031.csv,0,0,https://www.statecancerprofiles.cancer.gov/demographics/index.php?stateFIPS=17&areatype=county&topic=work&demo=00012&race=00&sex=0&age=001&type=manyareacensus&sortVariableName=value&sortOrder=asc&output=1,17,work,manyareacensus
Gallatin County,17059.0,7.8,180.0,2350 of 3141,1,county,12,demographics_031.csv,0,0,https://www.statecancerprofiles.cancer.gov/demographics/index.php?stateFIPS=17&areatype=county&topic=work&demo=00012&race=00&sex=0&age=001&type=manyareacensus&sortVariableName=value&sortOrder=asc&output=1,17,work,manyareacensus
St. Clair County,17163.0,7.8,9980.0,2364 of 3141,1,county,12,demographics_031.csv,0,0,https://www.statecancerprofiles.cancer.gov/demographics/index.php?stateFIPS=17&areatype=county&topic=work&demo=00012&race=00&sex=0&age=001&type=manyareacensus&sortVariableName=value&sortOrder=asc&output=1,17,work,manyareacensus
Massac County,17127.0,7.9,475.0,2380 of 3141,1,county,12,demographics_031.csv,0,0,https://www.statecancerprofiles.cancer.gov/demographics/index.php?stateFIPS=17&areatype=county&topic=work&demo=00012&race=00&sex=0&age=001&type=manyareacensus&sortVariableName=value&sortOrder=asc&output=1,17,work,manyareacensus
Mason County,17125.0,8.0,537.0,2427 of 3141,1,county,12,demographics_031.csv,0,0,https://www.statecancerprofiles.cancer.gov/demographics/index.php?stateFIPS=17&areatype=county&topic=work&demo=00012&race=00&sex=0&age=001&type=manyareacensus&sortVariableName=value&sortOrder=asc&output=1,17,work,manyareacensus
Stephenson County,17177.0,8.0,1859.0,2436 of 3141,1,county,12,demographics_031.csv,0,0,https://www.statecancerprofiles.cancer.gov/demographics/index.php?stateFIPS=17&areatype=county&topic=work&demo=00012&race=00&sex=0&age=001&type=manyareacensus&sortVariableName=value&sortOrder=asc&output=1,17,work,manyareacensus
Boone County,17007.0,8.1,2194.0,2437 of 3141,1,county,12,demographics_031.csv,0,0,https://www.statecancerprofiles.cancer.gov/demographics/index.php?stateFIPS=17&areatype=county&topic=work&demo=00012&race=00&sex=0&age=001&type=manyareacensus&sortVariableName=value&sortOrder=asc&output=1,17,work,manyareacensus
White County,17193.0,8.2,534.0,2469 of 3141,1,county,12,demographics_031.csv,0,0,https://www.statecancerprofiles.cancer.gov/demographics/index.php?stateFIPS=17&areatype=county&topic=work&demo=00012&race=00&sex=0&age=001&type=manyareacensus&sortVariableName=value&sortOrder=asc&output=1,17,work,manyareacensus
Macoupin County,17117.0,8.2,1876.0,2485 of 3141,1,county,12,demographics_031.csv,0,0,https://www.statecancerprofiles.cancer.gov/demographics/index.php?stateFIPS=17&areatype=county&topic=work&demo=00012&race=00&sex=0&age=001&type=manyareacensus&sortVariableName=value&sortOrder=asc&output=1,17,work,manyareacensus
Alexander County,17003.0,8.2,194.0,2489 of 3141,1,county,12,demographics_031.csv,0,0,https://www.statecancerprofiles.cancer.gov/demographics/index.php?stateFIPS=17&areatype=county&topic=work&demo=00012&race=00&sex=0&age=001&type=manyareacensus&sortVariableName=value&sortOrder=asc&output=1,17,work,manyareacensus
Vermilion County,17183.0,8.3,2882.0,2502 of 3141,1,county,12,demographics_031.csv,0,0,https://www.statecancerprofiles.cancer.gov/demographics/index.php?stateFIPS=17&areatype=county&topic=work&demo=00012&race=00&sex=0&age=001&type=manyareacensus&sortVariableName=value&sortOrder=asc&output=1,17,work,manyareacensus
Peoria County,17143.0,8.3,7622.0,2516 of 3141,1,county,12,demographics_031.csv,0,0,https://www.statecancerprofiles.cancer.gov/demographics/index.php?stateFIPS=17&areatype=county&topic=work&demo=00012&race=00&sex=0&age=001&type=manyareacensus&sortVariableName=value&sortOrder=asc&output=1,17,work,manyareacensus
La Salle County,17099.0,8.3,4617.0,2527 of 3141,1,county,12,demographics_031.csv,0,0,https://www.statecancerprofiles.cancer.gov/demographics/index.php?stateFIPS=17&areatype=county&topic=work&demo=00012&race=00&sex=0&age=001&type=manyareacensus&sortVariableName=value&sortOrder=asc&output=1,17,work,manyareacensus
Jackson County,17077.0,8.4,2358.0,2549 of 3141,1,county,12,demographics_031.csv,0,0,https://www.statecancerprofiles.cancer.gov/demographics/index.php?stateFIPS=17&areatype=county&topic=work&demo=00012&race=00&sex=0&age=001&type=manyareacensus&sortVariableName=value&sortOrder=asc&output=1,17,work,manyareacensus
Jefferson County,17081.0,8.5,1482.0,2567 of 3141,1,county,12,demographics_031.csv,0,0,https://www.statecancerprofiles.cancer.gov/demographics/index.php?stateFIPS=17&areatype=county&topic=work&demo=00012&race=00&sex=0&age=001&type=manyareacensus&sortVariableName=value&sortOrder=asc&output=1,17,work,manyareacensus
McDonough County,17109.0,8.6,1301.0,2584 of 3141,1,county,12,demographics_031.csv,0,0,https://www.statecancerprofiles.cancer.gov/demographics/index.php?stateFIPS=17&areatype=county&topic=work&demo=00012&race=00&sex=0&age=001&type=manyareacensus&sortVariableName=value&sortOrder=asc&output=1,17,work,manyareacensus
DeKalb County,17037.0,8.6,4959.0,2589 of 3141,1,county,12,demographics_031.csv,0,0,https://www.statecancerprofiles.cancer.gov/demographics/index.php?stateFIPS=17&areatype=county&topic=work&demo=00012&race=00&sex=0&age=001&type=manyareacensus&sortVariableName=value&sortOrder=asc&output=1,17,work,manyareacensus
Marion County,17121.0,8.7,1612.0,2599 of 3141,1,county,12,demographics_031.csv,0,0,https://www.statecancerprofiles.cancer.gov/demographics/index.php?stateFIPS=17&areatype=county&topic=work&demo=00012&race=00&sex=0&age=001&type=manyareacensus&sortVariableName=value&sortOrder=asc&output=1,17,work,manyareacensus
Cook County,17031.0,8.7,240605.0,2611 of 3141,1,county,12,demographics_031.csv,0,0,https://www.statecancerprofiles.cancer.gov/demographics/index.php?stateFIPS=17&areatype=county&topic=work&demo=00012&race=00&sex=0&age=001&type=manyareacensus&sortVariableName=value&sortOrder=asc&output=1,17,work,manyareacensus
Scott County,17171.0,8.8,227.0,2632 of 3141,1,county,12,demographics_031.csv,0,0,https://www.statecancerprofiles.cancer.gov/demographics/index.php?stateFIPS=17&areatype=county&topic=work&demo=00012&race=00&sex=0&age=001&type=manyareacensus&sortVariableName=value&sortOrder=asc&output=1,17,work,manyareacensus
Franklin County,17055.0,8.9,1512.0,2650 of 3141,1,county,12,demographics_031.csv,0,0,https://www.statecancerprofiles.cancer.gov/demographics/index.php?stateFIPS=17&areatype=county&topic=work&demo=00012&race=00&sex=0&age=001&type=manyareacensus&sortVariableName=value&sortOrder=asc&output=1,17,work,manyareacensus
Pope County,17151.0,9.1,133.0,2689 of 3141,1,county,12,demographics_031.csv,0,0,https://www.statecancerprofiles.cancer.gov/demographics/index.php?stateFIPS=17&areatype=county&topic=work&demo=00012&race=00&sex=0&age=001&type=manyareacensus&sortVariableName=value&sortOrder=asc&output=1,17,work,manyareacensus
Macon County,17115.0,9.2,4855.0,2706 of 3141,1,county,12,demographics_031.csv,0,0,https://www.statecancerprofiles.cancer.gov/demographics/index.php?stateFIPS=17&areatype=county&topic=work&demo=00012&race=00&sex=0&age=001&type=manyareacensus&sortVariableName=value&sortOrder=asc&output=1,17,work,manyareacensus
Winnebago County,17201.0,10.0,14724.0,2856 of 3141,1,county,12,demographics_031.csv,0,0,https://www.statecancerprofiles.cancer.gov/demographics/index.php?stateFIPS=17&areatype=county&topic=work&demo=00012&race=00&sex=0&age=001&type=manyareacensus&sortVariableName=value&sortOrder=asc&output=1,17,work,manyareacensus
Pulaski County,17153.0,10.4,230.0,2914 of 3141,1,county,12,demographics_031.csv,0,0,https://www.statecancerprofiles.cancer.gov/demographics/index.php?stateFIPS=17&areatype=county&topic=work&demo=00012&race=00&sex=0&age=001&type=manyareacensus&sortVariableName=value&sortOrder=asc&output=1,17,work,manyareacensus
Saline County,17165.0,11.3,1241.0,2969 of 3141,1,county,12,demographics_031.csv,0,0,https://www.statecancerprofiles.cancer.gov/demographics/index.php?stateFIPS=17&areatype=county&topic=work&demo=00012&race=00&sex=0&age=001&type=manyareacensus&sortVariableName=value&sortOrder=asc&output=1,17,work,manyareacensus
Hardin County,17069.0,22.2,372.0,3134 of 3141,1,county,12,demographics_031.csv,0,0,https://www.statecancerprofiles.cancer.gov/demographics/index.php?stateFIPS=17&areatype=county&topic=work&demo=00012&race=00&sex=0&age=001&type=manyareacensus&sortVariableName=value&sortOrder=asc&output=1,17,work,manyareacensus
