locale,fips,value (percent),households (language isolation),rank within us,age,areatype,demo,file_name,race,sex,source_url,stateFIPS,topic,type
Georgia,13000.0,2.9,107760.0,35 of 51,1,state,15,demographics_007.csv,0,0,https://www.statecancerprofiles.cancer.gov/demographics/index.php?stateFIPS=13&areatype=county&topic=lang&demo=00015&race=00&sex=0&age=001&type=manyareacensus&sortVariableName=value&sortOrder=asc&output=1,13,lang,manyareacensus
United States,0.0,4.5,5305440.0,,1,country,15,demographics_007.csv,0,0,https://www.statecancerprofiles.cancer.gov/demographics/index.php?stateFIPS=13&areatype=county&topic=lang&demo=00015&race=00&sex=0&age=001&type=manyareacensus&sortVariableName=value&sortOrder=asc&output=1,13,lang,manyareacensus
Baker County,13007.0,0.0,0.0,1 of 3140,1,county,15,demographics_007.csv,0,0,https://www.statecancerprofiles.cancer.gov/demographics/index.php?stateFIPS=13&areatype=county&topic=lang&demo=00015&race=00&sex=0&age=001&type=manyareacensus&sortVariableName=value&sortOrder=asc&output=1,13,lang,manyareacensus
Clay County,13061.0,0.0,0.0,1 of 3140,1,county,15,demographics_007.csv,0,0,https://www.statecancerprofiles.cancer.gov/demographics/index.php?stateFIPS=13&areatype=county&topic=lang&demo=00015&race=00&sex=0&age=001&type=manyareacensus&sortVariableName=value&sortOrder=asc&output=1,13,lang,manyareacensus
Crawford County,13079.0,0.0,0.0,1 of 3140,1,county,15,demographics_007.csv,0,0,https://www.statecancerprofiles.cancer.gov/demographics/index.php?stateFIPS=13&areatype=county&topic=lang&demo=00015&race=00&sex=0&age=001&type=manyareacensus&sortVariableName=value&sortOrder=asc&output=1,13,lang,manyareacensus
Early County,13099.0,0.0,0.0,1 of 3140,1,county,15,demographics_007.csv,0,0,https://www.statecancerprofiles.cancer.gov/demographics/index.php?stateFIPS=13&areatype=county&topic=lang&demo=00015&race=00&sex=0&age=001&type=manyareacensus&sortVariableName=value&sortOrder=asc&output=1,13,lang,manyareacensus
Glascock County,13125.0,0.0,0.0,1 of 3140,1,county,15,demographics_007.csv,0,0,https://www.statecancerprofiles.cancer.gov/demographics/index.php?stateFIPS=13&areatype=county&topic=lang&demo=00015&race=00&sex=0&age=001&type=manyareacensus&sortVariableName=value&sortOrder=asc&output=1,13,lang,manyareacensus
Hancock County,13141.0,0.0,0.0,1 of 3140,1,county,15,demographics_007.csv,0,0,https://www.statecancerprofiles.cancer.gov/demographics/index.php?stateFIPS=13&areatype=county&topic=lang&demo=00015&race=00&sex=0&age=001&type=manyareacensus&sortVariableName=value&sortOrder=asc&output=1,13,lang,manyareacensus
Johnson County,13167.0,0.0,0.0,1 of 3140,1,county,15,demographics_007.csv,0,0,https://www.statecancerprofiles.cancer.gov/demographics/index.php?stateFIPS=13&areatype=county&topic=lang&demo=00015&race=00&sex=0&age=001&type=manyareacensus&sortVariableName=value&sortOrder=asc&output=1,13,lang,manyareacensus
Lamar County,13171.0,0.0,0.0,1 of 3140,1,county,15,demographics_007.csv,0,0,https://www.statecancerprofiles.cancer.gov/demographics/index.php?stateFIPS=13&areatype=county&topic=lang&demo=00015&race=00&sex=0&age=001&type=manyareacensus&sortVariableName=value&sortOrder=asc&output=1,13,lang,manyareacensus
Lanier County,13173.0,0.0,0.0,1 of 3140,1,county,15,demographics_007.csv,0,0,https://www.statecancerprofiles.cancer.gov/demographics/index.php?stateFIPS=13&areatype=county&topic=lang&demo=00015&race=00&sex=0&age=001&type=manyareacensus&sortVariableName=value&sortOrder=asc&output=1,13,lang,manyareacensus
Meriwether County,13199.0,0.0,0.0,1 of 3140,1,county,15,demographics_007.csv,0,0,https://www.statecancerprofiles.cancer.gov/demographics/index.php?stateFIPS=13&areatype=county&topic=lang&demo=00015&race=00&sex=0&age=001&type=manyareacensus&sortVariableName=value&sortOrder=asc&output=1,13,lang,manyareacensus
Miller County,13201.0,0.0,0.0,1 of 3140,1,county,15,demographics_007.csv,0,0,https://www.statecancerprofiles.cancer.gov/demographics/index.php?stateFIPS=13&areatype=county&topic=lang&demo=00015&race=00&sex=0&age=001&type=manyareacensus&sortVariableName=value&sortOrder=asc&output=1,13,lang,manyareacensus
Pike County,13231.0,0.0,0.0,1 of 3140,1,county,15,demographics_007.csv,0,0,https://www.statecancerprofiles.cancer.gov/demographics/index.php?stateFIPS=13&areatype=county&topic=lang&demo=00015&race=00&sex=0&age=001&type=manyareacensus&sortVariableName=value&sortOrder=asc&output=1,13,lang,manyareacensus
Pulaski County,13235.0,0.0,0.0,1 of 3140,1,county,15,demographics_007.csv,0,0,https://www.statecancerprofiles.cancer.gov/demographics/index.php?stateFIPS=13&areatype=county&topic=lang&demo=00015&race=00&sex=0&age=001&type=manyareacensus&sortVariableName=value&sortOrder=asc&output=1,13,lang,manyareacensus
Quitman County,13239.0,0.0,0.0,1 of 3140,1,county,15,demographics_007.csv,0,0,https://www.statecancerprofiles.cancer.gov/demographics/index.php?stateFIPS=13&areatype=county&topic=lang&demo=00015&race=00&sex=0&age=001&type=manyareacensus&sortVariableName=value&sortOrder=asc&output=1,13,lang,manyareacensus
Randolph County,13243.0,0.0,0.0,1 of 3140,1,county,15,demographics_007.csv,0,0,https://www.statecancerprofiles.cancer.gov/demographics/index.php?stateFIPS=13&areatype=county&topic=lang&demo=00015&race=00&sex=0&age=001&type=manyareacensus&sortVariableName=value&sortOrder=asc&output=1,13,lang,manyareacensus
Seminole County,13253.0,0.0,0.0,1 of 3140,1,county,15,demographics_007.csv,0,0,https://www.statecancerprofiles.cancer.gov/demographics/index.php?stateFIPS=13&areatype=county&topic=lang&demo=00015&race=00&sex=0&age=001&type=manyareacensus&sortVariableName=value&sortOrder=asc&output=1,13,lang,manyareacensus
Taylor County,13269.0,0.0,0.0,1 of 3140,1,county,15,demographics_007.csv,0,0,https://www.statecancerprofiles.cancer.gov/demographics/index.php?stateFIPS=13&areatype=county&topic=lang&demo=00015&race=00&sex=0&age=001&type=manyareacensus&sortVariableName=value&sortOrder=asc&output=1,13,lang,manyareacensus
Worth County,13321.0,0.0,0.0,1 of 3140,1,county,15,demographics_007.csv,0,0,https://www.statecancerprofiles.cancer.gov/demographics/index.php?stateFIPS=13&areatype=county&topic=lang&demo=00015&race=00&sex=0&age=001&type=manyareacensus&sortVariableName=value&sortOrder=asc&output=1,13,lang,manyareacensus
Ware County,13299.0,0.0,6.0,323 of 3140,1,county,15,demographics_007.csv,0,0,https://www.statecancerprofiles.cancer.gov/demographics/index.php?stateFIPS=13&areatype=county&topic=lang&demo=00015&race=00&sex=0&age=001&type=manyareacensus&sortVariableName=value&sortOrder=asc&output=1,13,lang,manyareacensus
Harris County,13145.0,0.1,11.0,389 of 3140,1,county,15,demographics_007.csv,0,0,https://www.statecancerprofiles.cancer.gov/demographics/index.php?stateFIPS=13&areatype=county&topic=lang&demo=00015&race=00&sex=0&age=001&type=manyareacensus&sortVariableName=value&sortOrder=asc&output=1,13,lang,manyareacensus
Butts County,13035.0,0.1,9.0,418 of 3140,1,county,15,demographics_007.csv,0,0,https://www.statecancerprofiles.cancer.gov/demographics/index.php?stateFIPS=13&areatype=county&topic=lang&demo=00015&race=00&sex=0&age=001&type=manyareacensus&sortVariableName=value&sortOrder=asc&output=1,13,lang,manyareacensus
Brantley County,13025.0,0.1,8.0,435 of 3140,1,county,15,demographics_007.csv,0,0,https://www.statecancerprofiles.cancer.gov/demographics/index.php?stateFIPS=13&areatype=county&topic=lang&demo=00015&race=00&sex=0&age=001&type=manyareacensus&sortVariableName=value&sortOrder=asc&output=1,13,lang,manyareacensus
Terrell County,13273.0,0.1,4.0,437 of 3140,1,county,15,demographics_007.csv,0,0,https://www.statecancerprofiles.cancer.gov/demographics/index.php?stateFIPS=13&areatype=county&topic=lang&demo=00015&race=00&sex=0&age=001&type=manyareacensus&sortVariableName=value&sortOrder=asc&output=1,13,lang,manyareacensus
Turner County,13287.0,0.1,4.0,453 of 3140,1,county,15,demographics_007.csv,0,0,https://www.statecancerprofiles.cancer.gov/demographics/index.php?stateFIPS=13&areatype=county&topic=lang&demo=00015&race=00&sex=0&age=001&type=manyareacensus&sortVariableName=value&sortOrder=asc&output=1,13,lang,manyareacensus
Heard County,13149.0,0.1,6.0,471 of 3140,1,county,15,demographics_007.csv,0,0,https://www.statecancerprofiles.cancer.gov/demographics/index.php?stateFIPS=13&areatype=county&topic=lang&demo=00015&race=00&sex=0&age=001&type=manyareacensus&sortVariableName=value&sortOrder=asc&output=1,13,lang,manyareacensus
Towns County,13281.0,0.2,8.0,547 of 3140,1,county,15,demographics_007.csv,0,0,https://www.statecancerprofiles.cancer.gov/demographics/index.php?stateFIPS=13&areatype=county&topic=lang&demo=00015&race=00&sex=0&age=001&type=manyareacensus&sortVariableName=value&sortOrder=asc&output=1,13,lang,manyareacensus
Jones County,13169.0,0.2,19.0,558 of 3140,1,county,15,demographics_007.csv,0,0,https://www.statecancerprofiles.cancer.gov/demographics/index.php?stateFIPS=13&areatype=county&topic=lang&demo=00015&race=00&sex=0&age=001&type=manyareacensus&sortVariableName=value&sortOrder=asc&output=1,13,lang,manyareacensus
Charlton County,13049.0,0.2,8.0,642 of 3140,1,county,15,demographics_007.csv,0,0,https://www.statecancerprofiles.cancer.gov/demographics/index.php?stateFIPS=13&areatype=county&topic=lang&demo=00015&race=00&sex=0&age=001&type=manyareacensus&sortVariableName=value&sortOrder=asc&output=1,13,lang,manyareacensus
Washington County,13303.0,0.2,17.0,649 of 3140,1,county,15,demographics_007.csv,0,0,https://www.statecancerprofiles.cancer.gov/demographics/index.php?stateFIPS=13&areatype=county&topic=lang&demo=00015&race=00&sex=0&age=001&type=manyareacensus&sortVariableName=value&sortOrder=asc&output=1,13,lang,manyareacensus
Lincoln County,13181.0,0.2,8.0,654 of 3140,1,county,15,demographics_007.csv,0,0,https://www.statecancerprofiles.cancer.gov/demographics/index.php?stateFIPS=13&areatype=county&topic=lang&demo=00015&race=00&sex=0&age=001&type=manyareacensus&sortVariableName=value&sortOrder=asc&output=1,13,lang,manyareacensus
Haralson County,13143.0,0.3,32.0,764 of 3140,1,county,15,demographics_007.csv,0,0,https://www.statecancerprofiles.cancer.gov/demographics/index.php?stateFIPS=13&areatype=county&topic=lang&demo=00015&race=00&sex=0&age=001&type=manyareacensus&sortVariableName=value&sortOrder=asc&output=1,13,lang,manyareacensus
Decatur County,13087.0,0.3,34.0,838 of 3140,1,county,15,demographics_007.csv,0,0,https://www.statecancerprofiles.cancer.gov/demographics/index.php?stateFIPS=13&areatype=county&topic=lang&demo=00015&race=00&sex=0&age=001&type=manyareacensus&sortVariableName=value&sortOrder=asc&output=1,13,lang,manyareacensus
Emanuel County,13107.0,0.3,28.0,844 of 3140,1,county,15,demographics_007.csv,0,0,https://www.statecancerprofiles.cancer.gov/demographics/index.php?stateFIPS=13&areatype=county&topic=lang&demo=00015&race=00&sex=0&age=001&type=manyareacensus&sortVariableName=value&sortOrder=asc&output=1,13,lang,manyareacensus
Walker County,13295.0,0.3,89.0,874 of 3140,1,county,15,demographics_007.csv,0,0,https://www.statecancerprofiles.cancer.gov/demographics/index.php?stateFIPS=13&areatype=county&topic=lang&demo=00015&race=00&sex=0&age=001&type=manyareacensus&sortVariableName=value&sortOrder=asc&output=1,13,lang,manyareacensus
Telfair County,13271.0,0.3,18.0,876 of 3140,1,county,15,demographics_007.csv,0,0,https://www.statecancerprofiles.cancer.gov/demographics/index.php?stateFIPS=13&areatype=county&topic=lang&demo=00015&race=00&sex=0&age=001&type=manyareacensus&sortVariableName=value&sortOrder=asc&output=1,13,lang,manyareacensus
Clinch County,13065.0,0.4,10.0,946 of 3140,1,county,15,demographics_007.csv,0,0,https://www.statecancerprofiles.cancer.gov/demographics/index.php?stateFIPS=13&areatype=county&topic=lang&demo=00015&race=00&sex=0&age=001&type=manyareacensus&sortVariableName=value&sortOrder=asc&output=1,13,lang,manyareacensus
Irwin County,13155.0,0.4,13.0,956 of 3140,1,county,15,demographics_007.csv,0,0,https://www.statecancerprofiles.cancer.gov/demographics/index.php?stateFIPS=13&areatype=county&topic=lang&demo=00015&race=00&sex=0&age=001&type=manyareacensus&sortVariableName=value&sortOrder=asc&output=1,13,lang,manyareacensus
Wilkinson County,13319.0,0.4,13.0,964 of 3140,1,county,15,demographics_007.csv,0,0,https://www.statecancerprofiles.cancer.gov/demographics/index.php?stateFIPS=13&areatype=county&topic=lang&demo=00015&race=00&sex=0&age=001&type=manyareacensus&sortVariableName=value&sortOrder=asc&output=1,13,lang,manyareacensus
Crisp County,13081.0,0.4,33.0,968 of 3140,1,county,15,demographics_007.csv,0,0,https://www.statecancerprofiles.cancer.gov/demographics/index.php?stateFIPS=13&areatype=county&topic=lang&demo=00015&race=00&sex=0&age=001&type=manyareacensus&sortVariableName=value&sortOrder=asc&output=1,13,lang,manyareacensus
Screven County,13251.0,0.4,23.0,1044 of 3140,1,county,15,demographics_007.csv,0,0,https://www.statecancerprofiles.cancer.gov/demographics/index.php?stateFIPS=13&areatype=county&topic=lang&demo=00015&race=00&sex=0&age=001&type=manyareacensus&sortVariableName=value&sortOrder=asc&output=1,13,lang,manyareacensus
Warren County,13301.0,0.4,10.0,1051 of 3140,1,county,15,demographics_007.csv,0,0,https://www.statecancerprofiles.cancer.gov/demographics/index.php?stateFIPS=13&areatype=county&topic=lang&demo=00015&race=00&sex=0&age=001&type=manyareacensus&sortVariableName=value&sortOrder=asc&output=1,13,lang,manyareacensus
Lumpkin County,13187.0,0.5,62.0,1191 of 3140,1,county,15,demographics_007.csv,0,0,https://www.statecancerprofiles.cancer.gov/demographics/index.php?stateFIPS=13&areatype=county&topic=lang&demo=00015&race=00&sex=0&age=001&type=manyareacensus&sortVariableName=value&sortOrder=asc&output=1,13,lang,manyareacensus
Webster County,13307.0,0.6,6.0,1200 of 3140,1,county,15,demographics_007.csv,0,0,https://www.statecancerprofiles.cancer.gov/demographics/index.php?stateFIPS=13&areatype=county&topic=lang&demo=00015&race=00&sex=0&age=001&type=manyareacensus&sortVariableName=value&sortOrder=asc&output=1,13,lang,manyareacensus
White County,13311.0,0.6,62.0,1202 of 3140,1,county,15,demographics_007.csv,0,0,https://www.statecancerprofiles.cancer.gov/demographics/index.php?stateFIPS=13&areatype=county&topic=lang&demo=00015&race=00&sex=0&age=001&type=manyareacensus&sortVariableName=value&sortOrder=asc&output=1,13,lang,manyareacensus
Lee County,13177.0,0.6,57.0,1209 of 3140,1,county,15,demographics_007.csv,0,0,https://www.statecancerprofiles.cancer.gov/demographics/index.php?stateFIPS=13&areatype=county&topic=lang&demo=00015&race=00&sex=0&age=001&type=manyareacensus&sortVariableName=value&sortOrder=asc&output=1,13,lang,manyareacensus
Upson County,13293.0,0.6,57.0,1211 of 3140,1,county,15,demographics_007.csv,0,0,https://www.statecancerprofiles.cancer.gov/demographics/index.php?stateFIPS=13&areatype=county&topic=lang&demo=00015&race=00&sex=0&age=001&type=manyareacensus&sortVariableName=value&sortOrder=asc&output=1,13,lang,manyareacensus
Dooly County,13093.0,0.6,29.0,1219 of 3140,1,county,15,demographics_007.csv,0,0,https://www.statecancerprofiles.cancer.gov/demographics/index.php?stateFIPS=13&areatype=county&topic=lang&demo=00015&race=00&sex=0&age=001&type=manyareacensus&sortVariableName=value&sortOrder=asc&output=1,13,lang,manyareacensus
Jefferson County,13163.0,0.6,34.0,1258 of 3140,1,county,15,demographics_007.csv,0,0,https://www.statecancerprofiles.cancer.gov/demographics/index.php?stateFIPS=13&areatype=county&topic=lang&demo=00015&race=00&sex=0&age=001&type=manyareacensus&sortVariableName=value&sortOrder=asc&output=1,13,lang,manyareacensus
Calhoun County,13037.0,0.6,11.0,1264 of 3140,1,county,15,demographics_007.csv,0,0,https://www.statecancerprofiles.cancer.gov/demographics/index.php?stateFIPS=13&areatype=county&topic=lang&demo=00015&race=00&sex=0&age=001&type=manyareacensus&sortVariableName=value&sortOrder=asc&output=1,13,lang,manyareacensus
Dade County,13083.0,0.6,37.0,1296 of 3140,1,county,15,demographics_007.csv,0,0,https://www.statecancerprofiles.cancer.gov/demographics/index.php?stateFIPS=13&areatype=county&topic=lang&demo=00015&race=00&sex=0&age=001&type=manyareacensus&sortVariableName=value&sortOrder=asc&output=1,13,lang,manyareacensus
Schley County,13249.0,0.6,12.0,1310 of 3140,1,county,15,demographics_007.csv,0,0,https://www.statecancerprofiles.cancer.gov/demographics/index.php?stateFIPS=13&areatype=county&topic=lang&demo=00015&race=00&sex=0&age=001&type=manyareacensus&sortVariableName=value&sortOrder=asc&output=1,13,lang,manyareacensus
Thomas County,13275.0,0.6,108.0,1316 of 3140,1,county,15,demographics_007.csv,0,0,https://www.statecancerprofiles.cancer.gov/demographics/index.php?stateFIPS=13&areatype=county&topic=lang&demo=00015&race=00&sex=0&age=001&type=manyareacensus&sortVariableName=value&sortOrder=asc&output=1,13,lang,manyareacensus
Spalding County,13255.0,0.7,154.0,1356 of 3140,1,county,15,demographics_007.csv,0,0,https://www.statecancerprofiles.cancer.gov/demographics/index.php?stateFIPS=13&areatype=county&topic=lang&demo=00015&race=00&sex=0&age=001&type=manyareacensus&sortVariableName=value&sortOrder=asc&output=1,13,lang,manyareacensus
Wheeler County,13309.0,0.7,13.0,1361 of 3140,1,county,15,demographics_007.csv,0,0,https://www.statecancerprofiles.cancer.gov/demographics/index.php?stateFIPS=13&areatype=county&topic=lang&demo=00015&race=00&sex=0&age=001&type=manyareacensus&sortVariableName=value&sortOrder=asc&output=1,13,lang,manyareacensus
Walton County,13297.0,0.7,204.0,1374 of 3140,1,county,15,demographics_007.csv,0,0,https://www.statecancerprofiles.cancer.gov/demographics/index.php?stateFIPS=13&areatype=county&topic=lang&demo=00015&race=00&sex=0&age=001&type=manyareacensus&sortVariableName=value&sortOrder=asc&output=1,13,lang,manyareacensus
Catoosa County,13047.0,0.7,167.0,1380 of 3140,1,county,15,demographics_007.csv,0,0,https://www.statecancerprofiles.cancer.gov/demographics/index.php?stateFIPS=13&areatype=county&topic=lang&demo=00015&race=00&sex=0&age=001&type=manyareacensus&sortVariableName=value&sortOrder=asc&output=1,13,lang,manyareacensus
McIntosh County,13191.0,0.7,39.0,1388 of 3140,1,county,15,demographics_007.csv,0,0,https://www.statecancerprofiles.cancer.gov/demographics/index.php?stateFIPS=13&areatype=county&topic=lang&demo=00015&race=00&sex=0&age=001&type=manyareacensus&sortVariableName=value&sortOrder=asc&output=1,13,lang,manyareacensus
Hart County,13147.0,0.7,71.0,1432 of 3140,1,county,15,demographics_007.csv,0,0,https://www.statecancerprofiles.cancer.gov/demographics/index.php?stateFIPS=13&areatype=county&topic=lang&demo=00015&race=00&sex=0&age=001&type=manyareacensus&sortVariableName=value&sortOrder=asc&output=1,13,lang,manyareacensus
Laurens County,13175.0,0.7,127.0,1444 of 3140,1,county,15,demographics_007.csv,0,0,https://www.statecancerprofiles.cancer.gov/demographics/index.php?stateFIPS=13&areatype=county&topic=lang&demo=00015&race=00&sex=0&age=001&type=manyareacensus&sortVariableName=value&sortOrder=asc&output=1,13,lang,manyareacensus
Stephens County,13257.0,0.7,69.0,1449 of 3140,1,county,15,demographics_007.csv,0,0,https://www.statecancerprofiles.cancer.gov/demographics/index.php?stateFIPS=13&areatype=county&topic=lang&demo=00015&race=00&sex=0&age=001&type=manyareacensus&sortVariableName=value&sortOrder=asc&output=1,13,lang,manyareacensus
Franklin County,13119.0,0.7,61.0,1451 of 3140,1,county,15,demographics_007.csv,0,0,https://www.statecancerprofiles.cancer.gov/demographics/index.php?stateFIPS=13&areatype=county&topic=lang&demo=00015&race=00&sex=0&age=001&type=manyareacensus&sortVariableName=value&sortOrder=asc&output=1,13,lang,manyareacensus
Oglethorpe County,13221.0,0.8,43.0,1490 of 3140,1,county,15,demographics_007.csv,0,0,https://www.statecancerprofiles.cancer.gov/demographics/index.php?stateFIPS=13&areatype=county&topic=lang&demo=00015&race=00&sex=0&age=001&type=manyareacensus&sortVariableName=value&sortOrder=asc&output=1,13,lang,manyareacensus
Effingham County,13103.0,0.8,150.0,1493 of 3140,1,county,15,demographics_007.csv,0,0,https://www.statecancerprofiles.cancer.gov/demographics/index.php?stateFIPS=13&areatype=county&topic=lang&demo=00015&race=00&sex=0&age=001&type=manyareacensus&sortVariableName=value&sortOrder=asc&output=1,13,lang,manyareacensus
Talbot County,13263.0,0.8,23.0,1558 of 3140,1,county,15,demographics_007.csv,0,0,https://www.statecancerprofiles.cancer.gov/demographics/index.php?stateFIPS=13&areatype=county&topic=lang&demo=00015&race=00&sex=0&age=001&type=manyareacensus&sortVariableName=value&sortOrder=asc&output=1,13,lang,manyareacensus
Baldwin County,13009.0,0.8,135.0,1560 of 3140,1,county,15,demographics_007.csv,0,0,https://www.statecancerprofiles.cancer.gov/demographics/index.php?stateFIPS=13&areatype=county&topic=lang&demo=00015&race=00&sex=0&age=001&type=manyareacensus&sortVariableName=value&sortOrder=asc&output=1,13,lang,manyareacensus
Burke County,13033.0,0.8,67.0,1565 of 3140,1,county,15,demographics_007.csv,0,0,https://www.statecancerprofiles.cancer.gov/demographics/index.php?stateFIPS=13&areatype=county&topic=lang&demo=00015&race=00&sex=0&age=001&type=manyareacensus&sortVariableName=value&sortOrder=asc&output=1,13,lang,manyareacensus
Dawson County,13085.0,0.8,72.0,1579 of 3140,1,county,15,demographics_007.csv,0,0,https://www.statecancerprofiles.cancer.gov/demographics/index.php?stateFIPS=13&areatype=county&topic=lang&demo=00015&race=00&sex=0&age=001&type=manyareacensus&sortVariableName=value&sortOrder=asc&output=1,13,lang,manyareacensus
Brooks County,13027.0,0.9,54.0,1591 of 3140,1,county,15,demographics_007.csv,0,0,https://www.statecancerprofiles.cancer.gov/demographics/index.php?stateFIPS=13&areatype=county&topic=lang&demo=00015&race=00&sex=0&age=001&type=manyareacensus&sortVariableName=value&sortOrder=asc&output=1,13,lang,manyareacensus
Paulding County,13223.0,0.9,439.0,1592 of 3140,1,county,15,demographics_007.csv,0,0,https://www.statecancerprofiles.cancer.gov/demographics/index.php?stateFIPS=13&areatype=county&topic=lang&demo=00015&race=00&sex=0&age=001&type=manyareacensus&sortVariableName=value&sortOrder=asc&output=1,13,lang,manyareacensus
Morgan County,13211.0,0.9,58.0,1600 of 3140,1,county,15,demographics_007.csv,0,0,https://www.statecancerprofiles.cancer.gov/demographics/index.php?stateFIPS=13&areatype=county&topic=lang&demo=00015&race=00&sex=0&age=001&type=manyareacensus&sortVariableName=value&sortOrder=asc&output=1,13,lang,manyareacensus
Pickens County,13227.0,0.9,100.0,1609 of 3140,1,county,15,demographics_007.csv,0,0,https://www.statecancerprofiles.cancer.gov/demographics/index.php?stateFIPS=13&areatype=county&topic=lang&demo=00015&race=00&sex=0&age=001&type=manyareacensus&sortVariableName=value&sortOrder=asc&output=1,13,lang,manyareacensus
Camden County,13039.0,0.9,170.0,1629 of 3140,1,county,15,demographics_007.csv,0,0,https://www.statecancerprofiles.cancer.gov/demographics/index.php?stateFIPS=13&areatype=county&topic=lang&demo=00015&race=00&sex=0&age=001&type=manyareacensus&sortVariableName=value&sortOrder=asc&output=1,13,lang,manyareacensus
Fannin County,13111.0,0.9,92.0,1636 of 3140,1,county,15,demographics_007.csv,0,0,https://www.statecancerprofiles.cancer.gov/demographics/index.php?stateFIPS=13&areatype=county&topic=lang&demo=00015&race=00&sex=0&age=001&type=manyareacensus&sortVariableName=value&sortOrder=asc&output=1,13,lang,manyareacensus
Henry County,13151.0,0.9,685.0,1671 of 3140,1,county,15,demographics_007.csv,0,0,https://www.statecancerprofiles.cancer.gov/demographics/index.php?stateFIPS=13&areatype=county&topic=lang&demo=00015&race=00&sex=0&age=001&type=manyareacensus&sortVariableName=value&sortOrder=asc&output=1,13,lang,manyareacensus
Madison County,13195.0,0.9,100.0,1676 of 3140,1,county,15,demographics_007.csv,0,0,https://www.statecancerprofiles.cancer.gov/demographics/index.php?stateFIPS=13&areatype=county&topic=lang&demo=00015&race=00&sex=0&age=001&type=manyareacensus&sortVariableName=value&sortOrder=asc&output=1,13,lang,manyareacensus
Banks County,13011.0,1.0,64.0,1701 of 3140,1,county,15,demographics_007.csv,0,0,https://www.statecancerprofiles.cancer.gov/demographics/index.php?stateFIPS=13&areatype=county&topic=lang&demo=00015&race=00&sex=0&age=001&type=manyareacensus&sortVariableName=value&sortOrder=asc&output=1,13,lang,manyareacensus
Dougherty County,13095.0,1.0,351.0,1724 of 3140,1,county,15,demographics_007.csv,0,0,https://www.statecancerprofiles.cancer.gov/demographics/index.php?stateFIPS=13&areatype=county&topic=lang&demo=00015&race=00&sex=0&age=001&type=manyareacensus&sortVariableName=value&sortOrder=asc&output=1,13,lang,manyareacensus
Chattooga County,13055.0,1.0,94.0,1732 of 3140,1,county,15,demographics_007.csv,0,0,https://www.statecancerprofiles.cancer.gov/demographics/index.php?stateFIPS=13&areatype=county&topic=lang&demo=00015&race=00&sex=0&age=001&type=manyareacensus&sortVariableName=value&sortOrder=asc&output=1,13,lang,manyareacensus
Union County,13291.0,1.0,90.0,1742 of 3140,1,county,15,demographics_007.csv,0,0,https://www.statecancerprofiles.cancer.gov/demographics/index.php?stateFIPS=13&areatype=county&topic=lang&demo=00015&race=00&sex=0&age=001&type=manyareacensus&sortVariableName=value&sortOrder=asc&output=1,13,lang,manyareacensus
Ben Hill County,13017.0,1.0,66.0,1760 of 3140,1,county,15,demographics_007.csv,0,0,https://www.statecancerprofiles.cancer.gov/demographics/index.php?stateFIPS=13&areatype=county&topic=lang&demo=00015&race=00&sex=0&age=001&type=manyareacensus&sortVariableName=value&sortOrder=asc&output=1,13,lang,manyareacensus
Pierce County,13229.0,1.1,74.0,1777 of 3140,1,county,15,demographics_007.csv,0,0,https://www.statecancerprofiles.cancer.gov/demographics/index.php?stateFIPS=13&areatype=county&topic=lang&demo=00015&race=00&sex=0&age=001&type=manyareacensus&sortVariableName=value&sortOrder=asc&output=1,13,lang,manyareacensus
Bryan County,13029.0,1.1,133.0,1785 of 3140,1,county,15,demographics_007.csv,0,0,https://www.statecancerprofiles.cancer.gov/demographics/index.php?stateFIPS=13&areatype=county&topic=lang&demo=00015&race=00&sex=0&age=001&type=manyareacensus&sortVariableName=value&sortOrder=asc&output=1,13,lang,manyareacensus
Jackson County,13157.0,1.1,235.0,1789 of 3140,1,county,15,demographics_007.csv,0,0,https://www.statecancerprofiles.cancer.gov/demographics/index.php?stateFIPS=13&areatype=county&topic=lang&demo=00015&race=00&sex=0&age=001&type=manyareacensus&sortVariableName=value&sortOrder=asc&output=1,13,lang,manyareacensus
Lowndes County,13185.0,1.1,444.0,1804 of 3140,1,county,15,demographics_007.csv,0,0,https://www.statecancerprofiles.cancer.gov/demographics/index.php?stateFIPS=13&areatype=county&topic=lang&demo=00015&race=00&sex=0&age=001&type=manyareacensus&sortVariableName=value&sortOrder=asc&output=1,13,lang,manyareacensus
Stewart County,13259.0,1.1,20.0,1823 of 3140,1,county,15,demographics_007.csv,0,0,https://www.statecancerprofiles.cancer.gov/demographics/index.php?stateFIPS=13&areatype=county&topic=lang&demo=00015&race=00&sex=0&age=001&type=manyareacensus&sortVariableName=value&sortOrder=asc&output=1,13,lang,manyareacensus
Bibb County,13021.0,1.2,667.0,1855 of 3140,1,county,15,demographics_007.csv,0,0,https://www.statecancerprofiles.cancer.gov/demographics/index.php?stateFIPS=13&areatype=county&topic=lang&demo=00015&race=00&sex=0&age=001&type=manyareacensus&sortVariableName=value&sortOrder=asc&output=1,13,lang,manyareacensus
Marion County,13197.0,1.2,38.0,1856 of 3140,1,county,15,demographics_007.csv,0,0,https://www.statecancerprofiles.cancer.gov/demographics/index.php?stateFIPS=13&areatype=county&topic=lang&demo=00015&race=00&sex=0&age=001&type=manyareacensus&sortVariableName=value&sortOrder=asc&output=1,13,lang,manyareacensus
Cook County,13075.0,1.2,71.0,1865 of 3140,1,county,15,demographics_007.csv,0,0,https://www.statecancerprofiles.cancer.gov/demographics/index.php?stateFIPS=13&areatype=county&topic=lang&demo=00015&race=00&sex=0&age=001&type=manyareacensus&sortVariableName=value&sortOrder=asc&output=1,13,lang,manyareacensus
Mitchell County,13205.0,1.2,95.0,1881 of 3140,1,county,15,demographics_007.csv,0,0,https://www.statecancerprofiles.cancer.gov/demographics/index.php?stateFIPS=13&areatype=county&topic=lang&demo=00015&race=00&sex=0&age=001&type=manyareacensus&sortVariableName=value&sortOrder=asc&output=1,13,lang,manyareacensus
Richmond County,13245.0,1.2,863.0,1885 of 3140,1,county,15,demographics_007.csv,0,0,https://www.statecancerprofiles.cancer.gov/demographics/index.php?stateFIPS=13&areatype=county&topic=lang&demo=00015&race=00&sex=0&age=001&type=manyareacensus&sortVariableName=value&sortOrder=asc&output=1,13,lang,manyareacensus
Bulloch County,13031.0,1.2,322.0,1893 of 3140,1,county,15,demographics_007.csv,0,0,https://www.statecancerprofiles.cancer.gov/demographics/index.php?stateFIPS=13&areatype=county&topic=lang&demo=00015&race=00&sex=0&age=001&type=manyareacensus&sortVariableName=value&sortOrder=asc&output=1,13,lang,manyareacensus
McDuffie County,13189.0,1.3,102.0,1919 of 3140,1,county,15,demographics_007.csv,0,0,https://www.statecancerprofiles.cancer.gov/demographics/index.php?stateFIPS=13&areatype=county&topic=lang&demo=00015&race=00&sex=0&age=001&type=manyareacensus&sortVariableName=value&sortOrder=asc&output=1,13,lang,manyareacensus
Twiggs County,13289.0,1.3,37.0,1925 of 3140,1,county,15,demographics_007.csv,0,0,https://www.statecancerprofiles.cancer.gov/demographics/index.php?stateFIPS=13&areatype=county&topic=lang&demo=00015&race=00&sex=0&age=001&type=manyareacensus&sortVariableName=value&sortOrder=asc&output=1,13,lang,manyareacensus
Bleckley County,13023.0,1.3,53.0,1940 of 3140,1,county,15,demographics_007.csv,0,0,https://www.statecancerprofiles.cancer.gov/demographics/index.php?stateFIPS=13&areatype=county&topic=lang&demo=00015&race=00&sex=0&age=001&type=manyareacensus&sortVariableName=value&sortOrder=asc&output=1,13,lang,manyareacensus
Elbert County,13105.0,1.3,99.0,1946 of 3140,1,county,15,demographics_007.csv,0,0,https://www.statecancerprofiles.cancer.gov/demographics/index.php?stateFIPS=13&areatype=county&topic=lang&demo=00015&race=00&sex=0&age=001&type=manyareacensus&sortVariableName=value&sortOrder=asc&output=1,13,lang,manyareacensus
Newton County,13217.0,1.3,474.0,1977 of 3140,1,county,15,demographics_007.csv,0,0,https://www.statecancerprofiles.cancer.gov/demographics/index.php?stateFIPS=13&areatype=county&topic=lang&demo=00015&race=00&sex=0&age=001&type=manyareacensus&sortVariableName=value&sortOrder=asc&output=1,13,lang,manyareacensus
Berrien County,13019.0,1.3,97.0,1983 of 3140,1,county,15,demographics_007.csv,0,0,https://www.statecancerprofiles.cancer.gov/demographics/index.php?stateFIPS=13&areatype=county&topic=lang&demo=00015&race=00&sex=0&age=001&type=manyareacensus&sortVariableName=value&sortOrder=asc&output=1,13,lang,manyareacensus
Macon County,13193.0,1.5,68.0,2062 of 3140,1,county,15,demographics_007.csv,0,0,https://www.statecancerprofiles.cancer.gov/demographics/index.php?stateFIPS=13&areatype=county&topic=lang&demo=00015&race=00&sex=0&age=001&type=manyareacensus&sortVariableName=value&sortOrder=asc&output=1,13,lang,manyareacensus
Treutlen County,13283.0,1.5,39.0,2068 of 3140,1,county,15,demographics_007.csv,0,0,https://www.statecancerprofiles.cancer.gov/demographics/index.php?stateFIPS=13&areatype=county&topic=lang&demo=00015&race=00&sex=0&age=001&type=manyareacensus&sortVariableName=value&sortOrder=asc&output=1,13,lang,manyareacensus
Fayette County,13113.0,1.5,595.0,2079 of 3140,1,county,15,demographics_007.csv,0,0,https://www.statecancerprofiles.cancer.gov/demographics/index.php?stateFIPS=13&areatype=county&topic=lang&demo=00015&race=00&sex=0&age=001&type=manyareacensus&sortVariableName=value&sortOrder=asc&output=1,13,lang,manyareacensus
Barrow County,13013.0,1.5,375.0,2087 of 3140,1,county,15,demographics_007.csv,0,0,https://www.statecancerprofiles.cancer.gov/demographics/index.php?stateFIPS=13&areatype=county&topic=lang&demo=00015&race=00&sex=0&age=001&type=manyareacensus&sortVariableName=value&sortOrder=asc&output=1,13,lang,manyareacensus
Dodge County,13091.0,1.5,120.0,2092 of 3140,1,county,15,demographics_007.csv,0,0,https://www.statecancerprofiles.cancer.gov/demographics/index.php?stateFIPS=13&areatype=county&topic=lang&demo=00015&race=00&sex=0&age=001&type=manyareacensus&sortVariableName=value&sortOrder=asc&output=1,13,lang,manyareacensus
Oconee County,13219.0,1.5,194.0,2096 of 3140,1,county,15,demographics_007.csv,0,0,https://www.statecancerprofiles.cancer.gov/demographics/index.php?stateFIPS=13&areatype=county&topic=lang&demo=00015&race=00&sex=0&age=001&type=manyareacensus&sortVariableName=value&sortOrder=asc&output=1,13,lang,manyareacensus
Wilcox County,13315.0,1.5,41.0,2102 of 3140,1,county,15,demographics_007.csv,0,0,https://www.statecancerprofiles.cancer.gov/demographics/index.php?stateFIPS=13&areatype=county&topic=lang&demo=00015&race=00&sex=0&age=001&type=manyareacensus&sortVariableName=value&sortOrder=asc&output=1,13,lang,manyareacensus
Wayne County,13305.0,1.5,159.0,2103 of 3140,1,county,15,demographics_007.csv,0,0,https://www.statecancerprofiles.cancer.gov/demographics/index.php?stateFIPS=13&areatype=county&topic=lang&demo=00015&race=00&sex=0&age=001&type=manyareacensus&sortVariableName=value&sortOrder=asc&output=1,13,lang,manyareacensus
Jenkins County,13165.0,1.5,52.0,2111 of 3140,1,county,15,demographics_007.csv,0,0,https://www.statecancerprofiles.cancer.gov/demographics/index.php?stateFIPS=13&areatype=county&topic=lang&demo=00015&race=00&sex=0&age=001&type=manyareacensus&sortVariableName=value&sortOrder=asc&output=1,13,lang,manyareacensus
Greene County,13133.0,1.6,106.0,2130 of 3140,1,county,15,demographics_007.csv,0,0,https://www.statecancerprofiles.cancer.gov/demographics/index.php?stateFIPS=13&areatype=county&topic=lang&demo=00015&race=00&sex=0&age=001&type=manyareacensus&sortVariableName=value&sortOrder=asc&output=1,13,lang,manyareacensus
Candler County,13043.0,1.6,66.0,2176 of 3140,1,county,15,demographics_007.csv,0,0,https://www.statecancerprofiles.cancer.gov/demographics/index.php?stateFIPS=13&areatype=county&topic=lang&demo=00015&race=00&sex=0&age=001&type=manyareacensus&sortVariableName=value&sortOrder=asc&output=1,13,lang,manyareacensus
Chatham County,13051.0,1.6,1765.0,2178 of 3140,1,county,15,demographics_007.csv,0,0,https://www.statecancerprofiles.cancer.gov/demographics/index.php?stateFIPS=13&areatype=county&topic=lang&demo=00015&race=00&sex=0&age=001&type=manyareacensus&sortVariableName=value&sortOrder=asc&output=1,13,lang,manyareacensus
Houston County,13153.0,1.7,940.0,2212 of 3140,1,county,15,demographics_007.csv,0,0,https://www.statecancerprofiles.cancer.gov/demographics/index.php?stateFIPS=13&areatype=county&topic=lang&demo=00015&race=00&sex=0&age=001&type=manyareacensus&sortVariableName=value&sortOrder=asc&output=1,13,lang,manyareacensus
Carroll County,13045.0,1.7,719.0,2227 of 3140,1,county,15,demographics_007.csv,0,0,https://www.statecancerprofiles.cancer.gov/demographics/index.php?stateFIPS=13&areatype=county&topic=lang&demo=00015&race=00&sex=0&age=001&type=manyareacensus&sortVariableName=value&sortOrder=asc&output=1,13,lang,manyareacensus
Peach County,13225.0,1.8,179.0,2238 of 3140,1,county,15,demographics_007.csv,0,0,https://www.statecancerprofiles.cancer.gov/demographics/index.php?stateFIPS=13&areatype=county&topic=lang&demo=00015&race=00&sex=0&age=001&type=manyareacensus&sortVariableName=value&sortOrder=asc&output=1,13,lang,manyareacensus
Sumter County,13261.0,1.8,212.0,2245 of 3140,1,county,15,demographics_007.csv,0,0,https://www.statecancerprofiles.cancer.gov/demographics/index.php?stateFIPS=13&areatype=county&topic=lang&demo=00015&race=00&sex=0&age=001&type=manyareacensus&sortVariableName=value&sortOrder=asc&output=1,13,lang,manyareacensus
Columbia County,13073.0,1.8,824.0,2251 of 3140,1,county,15,demographics_007.csv,0,0,https://www.statecancerprofiles.cancer.gov/demographics/index.php?stateFIPS=13&areatype=county&topic=lang&demo=00015&race=00&sex=0&age=001&type=manyareacensus&sortVariableName=value&sortOrder=asc&output=1,13,lang,manyareacensus
Wilkes County,13317.0,1.8,72.0,2260 of 3140,1,county,15,demographics_007.csv,0,0,https://www.statecancerprofiles.cancer.gov/demographics/index.php?stateFIPS=13&areatype=county&topic=lang&demo=00015&race=00&sex=0&age=001&type=manyareacensus&sortVariableName=value&sortOrder=asc&output=1,13,lang,manyareacensus
Muscogee County,13215.0,1.9,1389.0,2288 of 3140,1,county,15,demographics_007.csv,0,0,https://www.statecancerprofiles.cancer.gov/demographics/index.php?stateFIPS=13&areatype=county&topic=lang&demo=00015&race=00&sex=0&age=001&type=manyareacensus&sortVariableName=value&sortOrder=asc&output=1,13,lang,manyareacensus
Troup County,13285.0,1.9,469.0,2289 of 3140,1,county,15,demographics_007.csv,0,0,https://www.statecancerprofiles.cancer.gov/demographics/index.php?stateFIPS=13&areatype=county&topic=lang&demo=00015&race=00&sex=0&age=001&type=manyareacensus&sortVariableName=value&sortOrder=asc&output=1,13,lang,manyareacensus
Long County,13183.0,1.9,105.0,2305 of 3140,1,county,15,demographics_007.csv,0,0,https://www.statecancerprofiles.cancer.gov/demographics/index.php?stateFIPS=13&areatype=county&topic=lang&demo=00015&race=00&sex=0&age=001&type=manyareacensus&sortVariableName=value&sortOrder=asc&output=1,13,lang,manyareacensus
Toombs County,13279.0,2.0,210.0,2322 of 3140,1,county,15,demographics_007.csv,0,0,https://www.statecancerprofiles.cancer.gov/demographics/index.php?stateFIPS=13&areatype=county&topic=lang&demo=00015&race=00&sex=0&age=001&type=manyareacensus&sortVariableName=value&sortOrder=asc&output=1,13,lang,manyareacensus
Monroe County,13207.0,2.0,193.0,2331 of 3140,1,county,15,demographics_007.csv,0,0,https://www.statecancerprofiles.cancer.gov/demographics/index.php?stateFIPS=13&areatype=county&topic=lang&demo=00015&race=00&sex=0&age=001&type=manyareacensus&sortVariableName=value&sortOrder=asc&output=1,13,lang,manyareacensus
Glynn County,13127.0,2.0,674.0,2337 of 3140,1,county,15,demographics_007.csv,0,0,https://www.statecancerprofiles.cancer.gov/demographics/index.php?stateFIPS=13&areatype=county&topic=lang&demo=00015&race=00&sex=0&age=001&type=manyareacensus&sortVariableName=value&sortOrder=asc&output=1,13,lang,manyareacensus
Murray County,13213.0,2.0,288.0,2338 of 3140,1,county,15,demographics_007.csv,0,0,https://www.statecancerprofiles.cancer.gov/demographics/index.php?stateFIPS=13&areatype=county&topic=lang&demo=00015&race=00&sex=0&age=001&type=manyareacensus&sortVariableName=value&sortOrder=asc&output=1,13,lang,manyareacensus
Douglas County,13097.0,2.1,1002.0,2352 of 3140,1,county,15,demographics_007.csv,0,0,https://www.statecancerprofiles.cancer.gov/demographics/index.php?stateFIPS=13&areatype=county&topic=lang&demo=00015&race=00&sex=0&age=001&type=manyareacensus&sortVariableName=value&sortOrder=asc&output=1,13,lang,manyareacensus
Taliaferro County,13265.0,2.1,15.0,2367 of 3140,1,county,15,demographics_007.csv,0,0,https://www.statecancerprofiles.cancer.gov/demographics/index.php?stateFIPS=13&areatype=county&topic=lang&demo=00015&race=00&sex=0&age=001&type=manyareacensus&sortVariableName=value&sortOrder=asc&output=1,13,lang,manyareacensus
Tift County,13277.0,2.1,321.0,2371 of 3140,1,county,15,demographics_007.csv,0,0,https://www.statecancerprofiles.cancer.gov/demographics/index.php?stateFIPS=13&areatype=county&topic=lang&demo=00015&race=00&sex=0&age=001&type=manyareacensus&sortVariableName=value&sortOrder=asc&output=1,13,lang,manyareacensus
Putnam County,13237.0,2.2,187.0,2381 of 3140,1,county,15,demographics_007.csv,0,0,https://www.statecancerprofiles.cancer.gov/demographics/index.php?stateFIPS=13&areatype=county&topic=lang&demo=00015&race=00&sex=0&age=001&type=manyareacensus&sortVariableName=value&sortOrder=asc&output=1,13,lang,manyareacensus
Cherokee County,13057.0,2.2,1858.0,2413 of 3140,1,county,15,demographics_007.csv,0,0,https://www.statecancerprofiles.cancer.gov/demographics/index.php?stateFIPS=13&areatype=county&topic=lang&demo=00015&race=00&sex=0&age=001&type=manyareacensus&sortVariableName=value&sortOrder=asc&output=1,13,lang,manyareacensus
Coweta County,13077.0,2.2,1130.0,2414 of 3140,1,county,15,demographics_007.csv,0,0,https://www.statecancerprofiles.cancer.gov/demographics/index.php?stateFIPS=13&areatype=county&topic=lang&demo=00015&race=00&sex=0&age=001&type=manyareacensus&sortVariableName=value&sortOrder=asc&output=1,13,lang,manyareacensus
Floyd County,13115.0,2.2,797.0,2419 of 3140,1,county,15,demographics_007.csv,0,0,https://www.statecancerprofiles.cancer.gov/demographics/index.php?stateFIPS=13&areatype=county&topic=lang&demo=00015&race=00&sex=0&age=001&type=manyareacensus&sortVariableName=value&sortOrder=asc&output=1,13,lang,manyareacensus
Coffee County,13069.0,2.3,325.0,2427 of 3140,1,county,15,demographics_007.csv,0,0,https://www.statecancerprofiles.cancer.gov/demographics/index.php?stateFIPS=13&areatype=county&topic=lang&demo=00015&race=00&sex=0&age=001&type=manyareacensus&sortVariableName=value&sortOrder=asc&output=1,13,lang,manyareacensus
Appling County,13001.0,2.4,160.0,2474 of 3140,1,county,15,demographics_007.csv,0,0,https://www.statecancerprofiles.cancer.gov/demographics/index.php?stateFIPS=13&areatype=county&topic=lang&demo=00015&race=00&sex=0&age=001&type=manyareacensus&sortVariableName=value&sortOrder=asc&output=1,13,lang,manyareacensus
Liberty County,13179.0,2.4,552.0,2477 of 3140,1,county,15,demographics_007.csv,0,0,https://www.statecancerprofiles.cancer.gov/demographics/index.php?stateFIPS=13&areatype=county&topic=lang&demo=00015&race=00&sex=0&age=001&type=manyareacensus&sortVariableName=value&sortOrder=asc&output=1,13,lang,manyareacensus
Polk County,13233.0,2.4,358.0,2479 of 3140,1,county,15,demographics_007.csv,0,0,https://www.statecancerprofiles.cancer.gov/demographics/index.php?stateFIPS=13&areatype=county&topic=lang&demo=00015&race=00&sex=0&age=001&type=manyareacensus&sortVariableName=value&sortOrder=asc&output=1,13,lang,manyareacensus
Chattahoochee County,13053.0,2.4,60.0,2482 of 3140,1,county,15,demographics_007.csv,0,0,https://www.statecancerprofiles.cancer.gov/demographics/index.php?stateFIPS=13&areatype=county&topic=lang&demo=00015&race=00&sex=0&age=001&type=manyareacensus&sortVariableName=value&sortOrder=asc&output=1,13,lang,manyareacensus
Bartow County,13015.0,2.4,903.0,2489 of 3140,1,county,15,demographics_007.csv,0,0,https://www.statecancerprofiles.cancer.gov/demographics/index.php?stateFIPS=13&areatype=county&topic=lang&demo=00015&race=00&sex=0&age=001&type=manyareacensus&sortVariableName=value&sortOrder=asc&output=1,13,lang,manyareacensus
Tattnall County,13267.0,2.4,196.0,2490 of 3140,1,county,15,demographics_007.csv,0,0,https://www.statecancerprofiles.cancer.gov/demographics/index.php?stateFIPS=13&areatype=county&topic=lang&demo=00015&race=00&sex=0&age=001&type=manyareacensus&sortVariableName=value&sortOrder=asc&output=1,13,lang,manyareacensus
Jasper County,13159.0,2.5,127.0,2510 of 3140,1,county,15,demographics_007.csv,0,0,https://www.statecancerprofiles.cancer.gov/demographics/index.php?stateFIPS=13&areatype=county&topic=lang&demo=00015&race=00&sex=0&age=001&type=manyareacensus&sortVariableName=value&sortOrder=asc&output=1,13,lang,manyareacensus
Rabun County,13241.0,2.6,166.0,2528 of 3140,1,county,15,demographics_007.csv,0,0,https://www.statecancerprofiles.cancer.gov/demographics/index.php?stateFIPS=13&areatype=county&topic=lang&demo=00015&race=00&sex=0&age=001&type=manyareacensus&sortVariableName=value&sortOrder=asc&output=1,13,lang,manyareacensus
Montgomery County,13209.0,2.9,88.0,2612 of 3140,1,county,15,demographics_007.csv,0,0,https://www.statecancerprofiles.cancer.gov/demographics/index.php?stateFIPS=13&areatype=county&topic=lang&demo=00015&race=00&sex=0&age=001&type=manyareacensus&sortVariableName=value&sortOrder=asc&output=1,13,lang,manyareacensus
Fulton County,13121.0,3.0,11686.0,2630 of 3140,1,county,15,demographics_007.csv,0,0,https://www.statecancerprofiles.cancer.gov/demographics/index.php?stateFIPS=13&areatype=county&topic=lang&demo=00015&race=00&sex=0&age=001&type=manyareacensus&sortVariableName=value&sortOrder=asc&output=1,13,lang,manyareacensus
Bacon County,13005.0,3.0,120.0,2635 of 3140,1,county,15,demographics_007.csv,0,0,https://www.statecancerprofiles.cancer.gov/demographics/index.php?stateFIPS=13&areatype=county&topic=lang&demo=00015&race=00&sex=0&age=001&type=manyareacensus&sortVariableName=value&sortOrder=asc&output=1,13,lang,manyareacensus
Habersham County,13137.0,3.0,460.0,2643 of 3140,1,county,15,demographics_007.csv,0,0,https://www.statecancerprofiles.cancer.gov/demographics/index.php?stateFIPS=13&areatype=county&topic=lang&demo=00015&race=00&sex=0&age=001&type=manyareacensus&sortVariableName=value&sortOrder=asc&output=1,13,lang,manyareacensus
Forsyth County,13117.0,3.2,2283.0,2677 of 3140,1,county,15,demographics_007.csv,0,0,https://www.statecancerprofiles.cancer.gov/demographics/index.php?stateFIPS=13&areatype=county&topic=lang&demo=00015&race=00&sex=0&age=001&type=manyareacensus&sortVariableName=value&sortOrder=asc&output=1,13,lang,manyareacensus
Gilmer County,13123.0,3.4,394.0,2710 of 3140,1,county,15,demographics_007.csv,0,0,https://www.statecancerprofiles.cancer.gov/demographics/index.php?stateFIPS=13&areatype=county&topic=lang&demo=00015&race=00&sex=0&age=001&type=manyareacensus&sortVariableName=value&sortOrder=asc&output=1,13,lang,manyareacensus
Rockdale County,13247.0,3.7,1093.0,2735 of 3140,1,county,15,demographics_007.csv,0,0,https://www.statecancerprofiles.cancer.gov/demographics/index.php?stateFIPS=13&areatype=county&topic=lang&demo=00015&race=00&sex=0&age=001&type=manyareacensus&sortVariableName=value&sortOrder=asc&output=1,13,lang,manyareacensus
Grady County,13131.0,3.7,333.0,2736 of 3140,1,county,15,demographics_007.csv,0,0,https://www.statecancerprofiles.cancer.gov/demographics/index.php?stateFIPS=13&areatype=county&topic=lang&demo=00015&race=00&sex=0&age=001&type=manyareacensus&sortVariableName=value&sortOrder=asc&output=1,13,lang,manyareacensus
Clarke County,13059.0,3.7,1701.0,2738 of 3140,1,county,15,demographics_007.csv,0,0,https://www.statecancerprofiles.cancer.gov/demographics/index.php?stateFIPS=13&areatype=county&topic=lang&demo=00015&race=00&sex=0&age=001&type=manyareacensus&sortVariableName=value&sortOrder=asc&output=1,13,lang,manyareacensus
Cobb County,13067.0,3.8,10489.0,2758 of 3140,1,county,15,demographics_007.csv,0,0,https://www.statecancerprofiles.cancer.gov/demographics/index.php?stateFIPS=13&areatype=county&topic=lang&demo=00015&race=00&sex=0&age=001&type=manyareacensus&sortVariableName=value&sortOrder=asc&output=1,13,lang,manyareacensus
Jeff Davis County,13161.0,3.9,201.0,2762 of 3140,1,county,15,demographics_007.csv,0,0,https://www.statecancerprofiles.cancer.gov/demographics/index.php?stateFIPS=13&areatype=county&topic=lang&demo=00015&race=00&sex=0&age=001&type=manyareacensus&sortVariableName=value&sortOrder=asc&output=1,13,lang,manyareacensus
Gordon County,13129.0,4.5,893.0,2820 of 3140,1,county,15,demographics_007.csv,0,0,https://www.statecancerprofiles.cancer.gov/demographics/index.php?stateFIPS=13&areatype=county&topic=lang&demo=00015&race=00&sex=0&age=001&type=manyareacensus&sortVariableName=value&sortOrder=asc&output=1,13,lang,manyareacensus
Clayton County,13063.0,5.2,4738.0,2876 of 3140,1,county,15,demographics_007.csv,0,0,https://www.statecancerprofiles.cancer.gov/demographics/index.php?stateFIPS=13&areatype=county&topic=lang&demo=00015&race=00&sex=0&age=001&type=manyareacensus&sortVariableName=value&sortOrder=asc&output=1,13,lang,manyareacensus
DeKalb County,13089.0,5.2,14219.0,2877 of 3140,1,county,15,demographics_007.csv,0,0,https://www.statecancerprofiles.cancer.gov/demographics/index.php?stateFIPS=13&areatype=county&topic=lang&demo=00015&race=00&sex=0&age=001&type=manyareacensus&sortVariableName=value&sortOrder=asc&output=1,13,lang,manyareacensus
Evans County,13109.0,6.1,247.0,2923 of 3140,1,county,15,demographics_007.csv,0,0,https://www.statecancerprofiles.cancer.gov/demographics/index.php?stateFIPS=13&areatype=county&topic=lang&demo=00015&race=00&sex=0&age=001&type=manyareacensus&sortVariableName=value&sortOrder=asc&output=1,13,lang,manyareacensus
Hall County,13139.0,6.1,3880.0,2926 of 3140,1,county,15,demographics_007.csv,0,0,https://www.statecancerprofiles.cancer.gov/demographics/index.php?stateFIPS=13&areatype=county&topic=lang&demo=00015&race=00&sex=0&age=001&type=manyareacensus&sortVariableName=value&sortOrder=asc&output=1,13,lang,manyareacensus
Colquitt County,13071.0,6.9,1083.0,2968 of 3140,1,county,15,demographics_007.csv,0,0,https://www.statecancerprofiles.cancer.gov/demographics/index.php?stateFIPS=13&areatype=county&topic=lang&demo=00015&race=00&sex=0&age=001&type=manyareacensus&sortVariableName=value&sortOrder=asc&output=1,13,lang,manyareacensus
Atkinson County,13003.0,8.1,231.0,3013 of 3140,1,county,15,demographics_007.csv,0,0,https://www.statecancerprofiles.cancer.gov/demographics/index.php?stateFIPS=13&areatype=county&topic=lang&demo=00015&race=00&sex=0&age=001&type=manyareacensus&sortVariableName=value&sortOrder=asc&output=1,13,lang,manyareacensus
Whitfield County,13313.0,8.3,2934.0,3014 of 3140,1,county,15,demographics_007.csv,0,0,https://www.statecancerprofiles.cancer.gov/demographics/index.php?stateFIPS=13&areatype=county&topic=lang&demo=00015&race=00&sex=0&age=001&type=manyareacensus&sortVariableName=value&sortOrder=asc&output=1,13,lang,manyareacensus
Gwinnett County,13135.0,8.5,24069.0,3019 of 3140,1,county,15,demographics_007.csv,0,0,https://www.statecancerprofiles.cancer.gov/demographics/index.php?stateFIPS=13&areatype=county&topic=lang&demo=00015&race=00&sex=0&age=001&type=manyareacensus&sortVariableName=value&sortOrder=asc&output=1,13,lang,manyareacensus
Echols County,13101.0,9.3,139.0,3042 of 3140,1,county,15,demographics_007.csv,0,0,https://www.statecancerprofiles.cancer.gov/demographics/index.php?stateFIPS=13&areatype=county&topic=lang&demo=00015&race=00&sex=0&age=001&type=manyareacensus&sortVariableName=value&sortOrder=asc&output=1,13,lang,manyareacensus
